links,title,Authors,Publication Year,Journal/Conference,Abstract Summary,3-Way Decision Methodology,3-Way Feasibility,Domains of Application,Main Objective,Evaluation Metrics,Data Type and Size,Key Findings,Future Work Suggestions,Limitations,Keywords
https://pdf.sciencedirectassets.com/271647/1-s2.0-S0306457321X00064/1-s2.0-S030645732100296X/main.pdf?X-Amz-Security-Token=IQoJb3JpZ2luX2VjEDEaCXVzLWVhc3QtMSJGMEQCIFOXTyipq1SmQSlV976o3SaiDmkjR7TuB0ev%2BrC3RDw5AiATR6i9chuXqn60sL8XgyOLcdOhm%2FuK%2BLoDUv72viPCeCq8BQia%2F%2F%2F%2F%2F%2F%2F%2F%2F%2F8BEAUaDDA1OTAwMzU0Njg2NSIMIn2hrbnEp2vWiFlvKpAFSMwEKwzpBhlo%2FDnnVtngjhZNtqQE8dk5V49xJMXpUFY8ZWKitIlFO%2FyDYuFFnl0VtX6U3sGU4mx%2BSCx57%2FC9b7abziBdN7Ge0DkGqhUqzX3qn6WaUa0tSq%2FXoLY8m0Fid%2FlrH%2BmYVENGLwlu4H4wrnLaMr3DYBc9hZC2ZuAL7MM8kk7HRnDcWBikwtBOcMgSpytyX5gCf%2BMY9t0Mn3x8pS4hNuItQARN1El6vQHkWl3glHwYCCBxQZUa0%2F1VkM1G568HIpnz8apwIZaXbn4tBtPbwIAGZaugNmMOku%2BVcUX0pdMmqMQ7Iw0fJ%2FwRTnwAOMa4sWZnWyZ2qS%2FXgZHoPPOY8pB%2FVTnb648nQSed2zohsqCKcdKvFYcxC%2B4lbSLxXZwtstuuOPttuBLTb0iMMC%2FsS7EzENV301utDpDnOnQcnTsTWx%2Bv8%2BzUU%2FNXDpas2VBmDMcgTyEeigJndbhMk9CCzm17yJ5IcKK2eR%2B4jplIATwcKxtZfJCy20MgOHszpri1bapEekw5Z20gRrHZZ3QLVIPIjXxxtEaFY1oSoKgH%2FyckiLjzW6KXFzk%2F9cojBQWMXyVXnOuzQP%2BHCBW0cdfeeSMxnK9mTgDanI92GC5Vkh6YzulX%2Bs0rIl2XPdYKRfkAmY4DquREep60qfwEw4EjSXvdqXoORFzLmWwkofj572FQrhYRIDhEb92eiucKuU%2FLpDfKDoCeYvr1MDVRfQxzC0exlWygue1cUn8X%2BRrmNu9D4vtAUxaSsVCcmbyG7mYUZZSAOCAHp9hx2q6QvkrxwXp88Mxm51BFFT7%2Ba5F%2FBbUUjZdTkO%2B2O40QIs4NmLkPAAPvnFNiTX5zUZqpX0UQDlZpd9izqopElWAH1mEw%2FejbuAY6sgHhktfON2PiNNkEE%2BZZSHevbKcRTJAJw1%2BiOQOZYXCXv5YfqOHM9Pr28IJEKdtuqTX89eYKoaIDq8uBsjL%2BrYxDYZixpfmLN7dASdCBq%2Bxu9gnDSxiK%2BnvyQbwmjV53%2FlsE2SOQxHdgjtow%2BYxPQQvwHdUZmiwO4MIord8KmTZRfpi3VMxnHSkCTq2XIFBXpIDqX4I4c7BjAA%2FTboMenQ5SYwq7102N3zid2qgmdRT%2FGdwp&X-Amz-Algorithm=AWS4-HMAC-SHA256&X-Amz-Date=20241022T013552Z&X-Amz-SignedHeaders=host&X-Amz-Expires=300&X-Amz-Credential=ASIAQ3PHCVTY5MLTXFYQ%2F20241022%2Fus-east-1%2Fs3%2Faws4_request&X-Amz-Signature=ed35461bd74cba021d74984e717570cef3b67f2fc5e74bc4f9c807b406284b1f&hash=fc22e6eae452b8a1a454a03aaa2384d30e228637a644bae8238ce4ee8c9870fc&host=68042c943591013ac2b2430a89b270f6af2c76d8dfd086a07176afe7c76c2c61&pii=S030645732100296X&tid=spdf-dd2590e4-a94c-45a0-86e1-f06761f6e404&sid=b2d4d69e9844e24f654862089da7743e7e42gxrqa&type=client&tsoh=d3d3LnNjaWVuY2VkaXJlY3QuY29t&ua=05075b04515700520000&rr=8d65c0cf7cd4b45d&cc=ca,Assessing the effectiveness of a three-way decision-making framework with multiple features in simulating human judgement of opinion classification,"L.D.C.S. Subhashini, Yuefeng Li, Jinglan Zhang, Ajantha S. Atukorale",2022,Information Processing and Management,"This study explores a three-way opinion classification (3WOC) model that incorporates semantic and fuzzy features to simulate human judgment in opinion classification. Using an Amazon Musical Instrument dataset and human feedback, the study shows that combining these features enhances classification accuracy and simulates human decision-making better than traditional binary models.",Integration of semantic features and fuzzy features for enhanced opinion classification.,Demonstrated applicability in opinion mining and customer feedback analysis.,"Opinion mining, sentiment analysis, customer feedback.",To evaluate the effectiveness of a three-way decision model compared to binary classification in mimicking human opinion classification.,"Classification coverage, accuracy, sensitivity, specificity, PPV, NPV.","Amazon Musical Instrument dataset with 1400 reviews, with a sample of 25 reviews for user testing.",Low statistical correlation between semantic and fuzzy features; 3WOC model outperforms binary classification in simulating human judgments.,Improve classification summary and adapt the model for broader datasets.,"Sample limited to university respondents, dataset size restricted.","Three-way decision model, opinion mining, fuzzy features, semantic features, human judgment simulation"
https://www.nature.com/articles/s41598-023-49086-1,Three-way group decisions using evidence theory under hesitant fuzzy linguistic environment | Scientific Reports,"Chao Zhang, Juanjuan Ding, Deyu Li, Jianming Zhan",2021,International Journal of Approximate Reasoning,"This study explores multi-granularity three-way decision-making with q-rung orthopair fuzzy sets to handle uncertainty in decision-making. The model integrates multigranulation probabilistic rough sets to support multi-attribute group decision making, exemplified through a corporate financial quality matching case.",Multi-granularity three-way decision models with q-rung orthopair fuzzy sets.,Effective for group decision-making with uncertain and diverse information.,"Financial quality assessment, corporate decision-making.",To develop a comprehensive framework using q-rung orthopair fuzzy sets for group decision-making under uncertainty.,"Sensitivity analysis, validity tests.",Not specified.,The q-ROF MAGDM approach supports flexible decision making by addressing multiple risk levels and reducing classification errors.,Explore other applications and model extensions.,Limited to group decision-making scenarios.,"q-rung orthopair fuzzy sets, multi-granularity, three-way decisions, group decision making"
https://link.springer.com/article/10.1007/s10462-022-10311-4,A three-way decision method with tolerance dominance relations in decision information systems | Artificial Intelligence Review,Yiyu Yao,2011,Information Sciences,"This paper discusses probabilistic rough sets as a basis for three-way decisions, focusing on how probabilistic three-way decisions can minimize costs associated with classification errors.",Probabilistic rough set models with cost-sensitive classifiers.,Cost-effective for classification tasks requiring error trade-offs.,"Error-sensitive classification, decision support systems.",To evaluate cost-effective ternary classification versus binary and qualitative three-way models.,"Classification cost, accuracy.",Not specified.,Probabilistic three-way decisions reduce misclassification costs.,Explore further applications in dynamic systems.,Restricted to decision costs.,"Probabilistic rough sets, three-way decisions, cost-sensitive classifiers"
https://link.springer.com/article/10.1007/s10844-013-0254-7,Cost-sensitive three-way email spam filtering | Journal of Intelligent Information Systems,"Guangming Lang, Duoqian Miao, Mingjie Cai",2017,Information Sciences,"Using decision-theoretic rough sets, this study proposes a three-way model to analyze conflicts, providing efficient algorithms to handle dynamic information and support conflict resolution.",Decision-theoretic rough sets for conflict analysis.,Effective for dynamic and complex conflict scenarios.,"Conflict resolution, dynamic information systems.",To develop efficient methods for conflict analysis and dynamic system adaptability.,Conflict resolution effectiveness.,Simulated dynamic data sets.,Three-way models handle conflict dynamics effectively.,Extend to more real-world conflict cases.,Limited experimental validation.,"Conflict analysis, three-way decisions, decision-theoretic rough sets"
https://www.integrify.com/decision-table-examples/,3 Decision Table Examples and Use Cases,"Fan Jia, Peide Liu",2019,Information Sciences,"This study combines three-way decisions with multi-criteria decision-making (MCDM) using relative and inverse loss functions, proposing a comprehensive approach for investment decision cases.","Three-way decision combined with MCDM, using relative loss functions.",Suitable for complex decision problems with multiple criteria.,Investment decision-making.,To extend three-way decisions to MCDM environments.,Investment success metrics.,Case study on investment projects.,MCDM-based three-way decisions enhance decision-making flexibility.,Apply to other multi-criteria contexts.,Focused on a single case.,"Three-way decisions, multi-criteria decision-making, investment"
https://pmc.ncbi.nlm.nih.gov/articles/PMC7338178/,Three-Way Decision for Handling Uncertainty in Machine Learning: A Narrative Review - PMC,"Chao Zhang, Deyu Li, Jiye Liang",2020,Information Sciences,This paper introduces a multi-granularity three-way decision-making model with interval-valued hesitant fuzzy sets for managing consensus in group decision-making under different risk preferences.,Multi-granularity three-way decisions with interval-valued hesitant fuzzy sets.,Effective for group decisions with varying opinions and risk appetites.,"Group decision making, mergers and acquisitions.",To apply multi-granularity decision-making for diverse group consensus processes.,Consensus measurement.,Case study on mergers and acquisitions.,Enhanced group decision-making by addressing consensus and conflicting opinions.,Explore broader applications in other domains.,Primarily theoretical model.,"Multi-granularity, interval-valued hesitant fuzzy, three-way decisions, group consensus"
https://www2.cs.uregina.ca/~yyao/PAPERS/RS_3WD.pdf,RS_3WD.pdf,"Juan Carlos Leyva-López, Eduardo Fernández-González",2003,European Journal of Operational Research,"This study extends the ELECTRE III multicriteria outranking methodology for group decision-making, integrating individual preferences to achieve a collective ranking.",ELECTRE III multicriteria outranking and fuzzy binary relation.,Suitable for complex group decision-making.,"Organizational decision-making, planning.",To provide a group decision-making framework combining individual rankings into a collective preference.,Comparison with PROMETHEE II.,Not specified.,ELECTRE III approach was effective for consensus in varied group opinions.,Further applications in dynamic group settings.,Focused on majority rule assumptions.,"Group decision-making, multicriteria analysis, ELECTRE III"
https://link.springer.com/article/10.1007/s12559-022-10028-0,Granular Computing and Three-way Decisions for Cognitive Analytics | Cognitive Computation,"Dun Liu, Decui Liang, Changchun Wang",2016,Knowledge-Based Systems,This model extends three-way decisions to incomplete information systems using interval numbers and hybrid information tables.,Decision-theoretic rough sets with interval numbers.,Effective in handling missing values and uncertainty.,Medical diagnosis.,To adapt three-way decisions for incomplete data.,Accuracy in diagnosis.,Medical diagnosis dataset.,Effective for decision-making with incomplete data.,Model optimization for varied domains.,Limited to specific data types.,"Three-way decision, incomplete information, rough sets"
https://hbr.org/1964/07/decision-trees-for-decision-making,Decision Trees for Decision-Making,"Huaxiong Li, Libo Zhang, Bing Huang, Xianzhong Zhou",2016,Knowledge-Based Systems,"This study proposes a three-way decision model for face recognition, focusing on sequential decisions and cost sensitivity.",Sequential three-way decisions with granular computing.,Effective for cases with imbalanced costs.,Face recognition.,"To optimize face recognition through cost-sensitive, sequential decisions.",Misclassification cost reduction.,Facial image datasets.,Sequential three-way model improves face recognition accuracy.,Application to other cost-sensitive classification tasks.,Model complexity.,"Three-way decisions, face recognition, cost-sensitive learning"
https://www.sciencedirect.com/science/article/pii/S0020025518306698,A novel three-way decision model under multiple-criteria environment - ScienceDirect,"Jiaxin Zhan, Wenjie Wang, José Carlos R. Alcantud, Jianming Zhan",2022,Information Sciences,A 3-way decision approach incorporating prospect-regret theory for decision-making in incomplete information systems.,"Fuzzy set pair dominance, prospect-regret theory.",Useful for psychological decision-making processes.,"Medical diagnosis, air quality evaluations.",To apply prospect-regret theory to 3WD for realistic decision-making.,Stability and superiority of classification.,KEEL and UCI datasets.,Effective in complex decision-making under incomplete information.,Broaden to more incomplete systems.,Model dependent on subjectivity.,"Three-way decision, prospect theory, regret theory, fuzzy sets"
https://www.tandfonline.com/doi/abs/10.1080/18756891.2011.9727759,"Risk Decision Making Based on Decision-theoretic Rough Set: A Three-way View Decision Model: International Journal of Computational Intelligence Systems: Vol 4, No 1","L.D.C.S. Subhashini, Yuefeng Li, Jinglan Zhang, Ajantha S. Atukorale",2022,Information Processing and Management,"Examines the integration of fuzzy and semantic features in a 3WOC model for opinion classification, enhancing coverage and accuracy.",Fuzzy and semantic feature integration in 3WOC.,Effective in simulating human judgment in opinion classification.,Opinion mining.,To improve opinion classification by integrating multiple feature types.,Coverage and accuracy in classification.,Amazon Musical Instrument dataset.,Combining fuzzy and semantic features improves classification accuracy.,Extend to diverse datasets.,Limited to selected feature sets.,"Three-way opinion classification, fuzzy features, semantic features"
https://www.sciencedirect.com/science/article/pii/S0950705115003007,A novel three-way decision model based on incomplete information system - ScienceDirect,"Shikai Li, Xin Long, Yaoyuan Zeng, Xueying Wang",2024,Journal of Physics: Conference Series,The study addresses air target threat assessment using an improved three-way decision model incorporating interval-valued intuitionistic fuzzy sets to handle uncertain information and a novel loss function to enhance classification accuracy.,Interval-valued intuitionistic fuzzy sets with attribute dominance-based loss function.,Useful in real-time military threat assessments with uncertain data.,"Military defense, air target threat classification.",To improve classification accuracy and decision-making reliability in air target threat assessment.,"Classification accuracy, robustness in uncertain scenarios.",Not specified.,Improved threat classification capability in uncertain conditions.,Expand to broader military applications.,Model complexity for real-time scenarios.,"Three-way decisions, interval-valued fuzzy sets, threat classification, military decision support"
https://link.springer.com/article/10.1007/s12559-016-9397-5,Three-Way Decisions and Cognitive Computing | Cognitive Computation,"Yufei Chen, Xiaodong Yue, Hamido Fujita, Siyuan Fu",2017,Knowledge-Based Systems,"This paper proposes a three-way decision model for diagnosing focal liver lesions (FLL) in CT images, balancing automatic classification and expert review for uncertain cases.",Decision-theoretic rough sets for tri-partitioning FLL diagnoses.,Applicable in medical diagnostics where uncertainty needs expert confirmation.,"Medical imaging, liver lesion diagnosis.",To integrate automated decision support with human judgment in FLL diagnostics.,"Diagnostic accuracy, decision cost optimization.",Focal liver lesion CT images.,Effective at distinguishing between benign and malignant liver lesions.,Broader applications in complex medical diagnostics.,Requires high-quality CT data for accuracy.,"Three-way decision, focal liver lesions, decision support, CT imaging"
https://www.sciencedirect.com/science/article/pii/S0020025517306849,Three-way decision approaches to conflict analysis using decision-theoretic rough set theory - ScienceDirect,"Yusheng Li, Feng Gao, Mengyi Sha, Xueyan Shao",2024,Applied Soft Computing,"Introduces a sequential three-way decision model with threshold learning for credit risk prediction, using loan-specific thresholds based on loss and information gain.",Sequential three-way decisions with dynamic threshold learning.,Adaptable to real-time financial credit risk scenarios.,"Financial risk management, credit assessment.",To optimize credit risk classification with individual thresholds for each loan.,"Prediction accuracy, decision cost reduction.",Chinese bank credit dataset.,Reduces credit risk classification errors and cost.,Extend to different financial datasets.,Specific to datasets with detailed loan attributes.,"Three-way decisions, credit risk prediction, threshold learning, financial decision support"
https://www.sciencedirect.com/science/article/pii/S0950705117301843,Three-way decision support for diagnosis on focal liver lesions - ScienceDirect,"Andrea Campagner, Federico Cabitza, Davide Ciucci",2020,Lecture Notes in Artificial Intelligence,"This narrative review highlights the application of three-way decisions to manage input and output uncertainties in machine learning, discussing cases in ML training and prediction.",Trisecting-acting-outcome (TAO) framework applied to machine learning uncertainty.,Effective in ML scenarios requiring abstention or uncertainty management.,"Machine learning, uncertainty handling.",To assess three-way decision applications in uncertainty within ML.,Not specified.,Literature review.,Highlights strengths of TWD in managing ML uncertainties.,Explore practical applications in various ML domains.,Lacks empirical data for ML model impact.,"Three-way decisions, machine learning, uncertainty, TAO model"
https://www.sciencedirect.com/science/article/pii/S0950705115003044,Sequential three-way decision and granulation for cost-sensitive face recognition - ScienceDirect,"Jianhua Dai, Tao Chen, Kai Zhang, Dun Liu, Weiping Ding",2024,IEEE Transactions on Fuzzy Systems,"This paper proposes a three-way decision model incorporating prospect theory and fuzzy sets, enabling risk-sensitive decision-making in multi-attribute scenarios.",Prospect theory-based fuzzy three-way decisions with recursive trisecting.,Useful in high-risk environments requiring sensitivity to user preferences.,"Risk-sensitive decision-making, multi-attribute decision making (MADM).",To integrate risk-sensitive and fuzzy logic into three-way decision-making.,Effectiveness index based on fuzzy set attributes.,Not specified.,Improves decision accuracy by incorporating risk attitudes.,Apply to diverse decision-making scenarios.,Complexity of multi-attribute environments.,"Prospect theory, three-way decisions, fuzzy logic, risk-sensitive decisions"
https://www.sciencedirect.com/science/article/pii/S0020025519308953,Interval-valued hesitant fuzzy multi-granularity three-way decisions in consensus processes with applications to multi-attribute group decision making - ScienceDirect,"JingTao Yao, Yiyu Yao, Davide Ciucci, Kaizhu Huang",2022,Cognitive Computation,"This paper explores how granular computing and three-way decisions support cognitive analytics. It addresses the theoretical and application aspects of cognitive computing, showcasing three-way decision models and their use in diverse fields such as business, management, and medical sciences.",Granular computing with multi-granular and triadic approaches for three-way decisions.,Effective in fields requiring data abstraction and multi-level reasoning.,"Cognitive computing, data mining, artificial intelligence.",To integrate granular and three-way computing for cognitive analytics.,Efficiency in cognitive tasks.,Case studies across multiple domains.,Cognitive analytics is enhanced through tri-partition-based decision-making.,"Extend models to dynamic, real-time applications.",Primarily theoretical approach.,"Cognitive analytics, granular computing, three-way decisions, tri-partition"
https://www.sciencedirect.com/science/article/pii/S0020025522012336,A three-way decision approach with prospect-regret theory via fuzzy set pair dominance degrees for incomplete information systems - ScienceDirect,Yiyu Yao,2015,Lecture Notes in Computer Science,"This foundational paper describes the application of rough set theory to three-way decision-making. It introduces a trisecting-and-acting framework, using rough set approximations for categorization in probabilistic rough sets.",Rough set theory with trisecting and acting framework.,Suitable for uncertain classification in rough set-based systems.,"Decision support systems, knowledge representation.",To formalize three-way decisions through rough sets.,Classification accuracy.,Theoretical model.,Rough set-based three-way decision models enhance decision-making flexibility.,Develop practical applications in decision support.,Requires structured datasets.,"Rough sets, three-way decisions, probabilistic rough sets, trisecting"
https://www.sciencedirect.com/science/article/pii/S0888613X21001298,A novel multi-granularity three-way decision making approach in q-rung orthopair fuzzy information systems - ScienceDirect,"Wenjie Wang, Jianming Zhan, Weiping Ding, Shuping Wan",2023,Artificial Intelligence Review,"This paper discusses a three-way decision model utilizing tolerance dominance relations in ordered decision information systems for medical diagnoses. It applies the model to classify patient data in a multi-attribute environment, enhancing decision accuracy by balancing loss and gain functions.",Tolerance dominance relations in ordered decision systems.,"Effective for MADM scenarios, particularly in medical diagnosis.","Medical diagnostics, multi-attribute decision-making.",To enhance patient classification accuracy by integrating tolerance dominance.,"Classification accuracy, patient diagnosis effectiveness.",Lymphography dataset.,Improves patient classification with reduced decision risks.,Broaden to other medical diagnostic datasets.,Limited to ordered decision systems.,"Tolerance dominance, three-way decisions, medical diagnostics, multi-attribute"
https://link.springer.com/article/10.1007/s12559-022-10101-8,Hyperautomation for Air Quality Evaluations: A Perspective of Evidential Three-way Decision-making | Cognitive Computation,"Bing Zhou, Yiyu Yao, Jigang Luo",2013,Journal of Intelligent Information Systems,"This paper presents a cost-sensitive three-way decision model for email spam filtering. By calculating thresholds based on decision-theoretic rough sets, the model enhances the classification accuracy and reduces misclassification costs.",Decision-theoretic rough sets with cost-sensitive thresholds.,Useful for systems requiring sensitivity to misclassification costs.,"Email spam filtering, cost-sensitive learning.",To improve spam filtering by incorporating cost-sensitive classification.,"Misclassification costs, classification accuracy.",Email dataset.,Reduces misclassification in spam filtering through deferment decisions.,Apply to other classification tasks with cost considerations.,Model complexity for real-time applications.,"Cost-sensitive learning, three-way decisions, email spam filtering, rough sets"
https://www.tandfonline.com/doi/abs/10.1080/02664769100000005,"A method of choosing multiway partitions for classification and decision trees: Journal of Applied Statistics: Vol 18, No 1",Yiyu Yao,2016,Cognitive Computation,This paper introduces the trisecting-and-acting model in cognitive computing. It examines how three-way decisions mirror human cognitive processes and discusses the cognitive benefits of this approach.,Trisecting-and-acting model with cognitive computing focus.,Effective for applications mirroring human cognitive processes.,"Cognitive computing, decision support.",To formalize three-way decision approaches in cognitive computing.,Decision effectiveness.,Theoretical framework.,Highlights cognitive advantages of three-way decision models.,Apply to cognitive systems in artificial intelligence.,Requires further empirical validation.,"Cognitive computing, three-way decisions, trisecting-and-acting, decision support"
https://www.sciencedirect.com/science/article/pii/S0377221702002734,A new method for group decision support based on ELECTRE III methodology - ScienceDirect,"Jiajia Zhou, Yian Zhu, Lian Li",2024,IEEE Transactions on Fuzzy Systems,"This study proposes a Pythagorean fuzzy TOPSIS model for node importance evaluation in Internet of Drones (IoD) networks. The model integrates multi-attribute assessments with a 3-way decision framework, using Pythagorean fuzzy middle ideal solutions for decision-making in UAV swarm networks.",Pythagorean fuzzy TOPSIS model with middle ideal solutions.,Suitable for multi-attribute assessments in dynamic networks.,"IoD networks, UAV swarm security.",To improve UAV node importance evaluation for enhanced network security.,"Node importance, robustness to network changes.",UAV swarm network simulations.,"Provides a robust assessment of node importance, enhancing security in UAV networks.",Explore other network types and multi-attribute frameworks.,Limited to UAV networks with specific node measures.,"Pythagorean fuzzy sets, three-way decisions, UAV networks, node importance"
https://www.sciencedirect.com/science/article/pii/S0020025510005645,The superiority of three-way decisions in probabilistic rough set models - ScienceDirect,"Wenke Ding, Xingchen Li, Xiajiong Shen",2023,Scientific Reports,"This paper introduces a 3-way decision model under a hesitant fuzzy linguistic environment using Dempster-Shafer theory to fuse information. The model evaluates alternatives in a hesitant fuzzy multi-attribute group decision-making (MAGDM) setup, accounting for confidence and loss in group evaluations.",Hesitant fuzzy linguistic 3-way decisions with evidence theory.,Effective for MAGDM scenarios involving hesitancy in linguistic evaluations.,"Multi-attribute decision-making, recommendation systems.",To enhance decision fusion under uncertain linguistic data.,"Confidence in evaluations, decision effectiveness.",Illustrative and comparative examples.,Improves precision in group decision-making by reducing information loss.,Apply to broader hesitant linguistic systems.,Complexity in integrating multiple hesitant fuzzy terms.,"Hesitant fuzzy linguistic, 3-way decisions, Dempster-Shafer theory, MAGDM"
https://psycnet.apa.org/record/2011-03463-001,A three-phase model of retirement decision making.,"Jie Shi, Qiupeng Liu, Chunlei Shi, Mingming Lv, Wenli Pang",2024,Symmetry,"This study develops an intuitionistic fuzzy sequential three-way decision model for decision-making under incomplete information systems, employing a density-based granulation method and enhanced decision processes for multi-level granularity.",Intuitionistic fuzzy sequential 3-way decision model.,Effective in handling incomplete data in multi-granularity decision-making.,"Data analysis, incomplete information systems.",To manage decision accuracy in uncertain environments through granulation.,"Classification accuracy, decision stability.",UCI dataset simulations.,Improved handling of incomplete data and accuracy.,Apply to other incomplete and fuzzy data systems.,Specific to incomplete information structures.,"Intuitionistic fuzzy sets, three-way decisions, sequential model, incomplete information"
https://www.researchgate.net/publication/383431623_Sequential_three-way_decision_with_automatic_threshold_learning_for_credit_risk_prediction?_tp=eyJjb250ZXh0Ijp7ImZpcnN0UGFnZSI6Il9kaXJlY3QiLCJwYWdlIjoiX2RpcmVjdCJ9fQ,Sequential three-way decision with automatic threshold learning for credit risk prediction,Bao Qing Hu,2014,Information Sciences,"This paper establishes a framework for three-way decisions based on three elements: decision measurement, condition, and evaluation function. The study presents the concepts of three-way decision spaces and their applications to fuzzy and rough set-based decisions, introducing multi-granulation methods.",Multi-granulation three-way decision space based on fuzzy and rough sets.,Effective for systems requiring flexible decision spaces and multi-granular analysis.,"Fuzzy logic, rough set theory.",To create flexible decision spaces by integrating fuzzy and rough sets.,Decision consistency and flexibility.,Theoretical model.,Establishes a theoretical basis for multi-granulation decision-making.,Extend to practical decision support applications.,Mostly theoretical without empirical validation.,"Three-way decisions, fuzzy sets, rough sets, multi-granulation"
https://www.researchgate.net/publication/379882490_Three-way_decisions_with_Pythagorean_fuzzy_TOPSIS_for_Internet_of_Drones?_tp=eyJjb250ZXh0Ijp7ImZpcnN0UGFnZSI6Il9kaXJlY3QiLCJwYWdlIjoiX2RpcmVjdCJ9fQ,Three-way decisions with Pythagorean fuzzy TOPSIS for Internet of Drones,"Yiding Wang, Junsheng Qiao, Tengbiao Li",2024,International Journal of Approximate Reasoning,"This research proposes fuzzy implication-based methods to transform semi-three-way decision spaces into full three-way decision spaces, enhancing decision-making effectiveness. The study includes comparisons to existing fuzzy logic methods, with results showing improved anti-noise capabilities.",Transformation from semi-three-way to full three-way decision spaces using fuzzy implications.,Suitable for complex environments where decision accuracy is critical.,"Decision theory, fuzzy logic.",To improve decision robustness and accuracy in semi-three-way spaces.,"Decision accuracy, noise resilience.",Tested on complex datasets.,Improved robustness against noise and higher decision precision.,Apply to broader decision-making scenarios.,Limited to specific fuzzy implications.,"Fuzzy implications, three-way decisions, semi-three-way decision spaces"
https://www.researchgate.net/publication/383170021_Fused_Decision_Rules_of_Multi-Intuitionistic_Fuzzy_Information_Systems_Based_on_the_D-S_Evidence_Theory_and_Three-Way_Decisions?_tp=eyJjb250ZXh0Ijp7ImZpcnN0UGFnZSI6Il9kaXJlY3QiLCJwYWdlIjoiX2RpcmVjdCJ9fQ,Fused Decision Rules of Multi-Intuitionistic Fuzzy Information Systems Based on the D-S Evidence Theory and Three-Way Decisions,"Stefania Boffa, Davide Ciucci",Not specified,SSRN Preprint,"This article explores a linguistic approach to three-way decisions using evaluative expressions like 'small,' 'medium,' and 'big.' It aims to make three-way decision outcomes more understandable for non-technical users, aligning with goals of Explainable AI.",Evaluative linguistic expressions in three-way decision regions.,"Effective in scenarios requiring user-friendly, explainable decisions.","Explainable AI, decision-making.",To enhance interpretability of three-way decisions for non-technical users.,"Explainability, user comprehension.",Illustrative examples.,Increases decision transparency for non-technical users.,Broaden applications to other explainable AI tasks.,Limited empirical data.,"Evaluative linguistic expressions, explainable AI, three-way decisions, natural language"
https://www.researchgate.net/publication/379607928_Three-way_decisions_based_multi-attribute_decision-making_with_utility_and_loss_functions?_tp=eyJjb250ZXh0Ijp7ImZpcnN0UGFnZSI6Il9kaXJlY3QiLCJwYWdlIjoiX2RpcmVjdCJ9fQ,Three-way decisions based multi-attribute decision-making with utility and loss functions,"Changlin Xu, Songqian Mao",2023,Fuzzy Systems and Data Mining,This paper presents a three-way decision approach for incomplete information systems using interval loss functions to reduce decision-making errors. The methodology uses granulation and interval aggregation techniques.,Interval loss function-based aggregation for incomplete information.,Effective in settings with incomplete data.,"Incomplete information systems, data mining.",To mitigate errors in decision-making with incomplete information.,"Error reduction, decision reliability.",Case study.,Reduces decision-making errors under uncertainty.,Extend to larger-scale systems.,Dependence on initial interval assumptions.,"Incomplete information, interval loss function, three-way decisions, aggregation"
https://www.researchgate.net/publication/384273953_Intuitionistic_Fuzzy_Sequential_Three-Way_Decision_Model_in_Incomplete_Information_Systems?_tp=eyJjb250ZXh0Ijp7ImZpcnN0UGFnZSI6Il9kaXJlY3QiLCJwYWdlIjoiX2RpcmVjdCJ9fQ,Intuitionistic Fuzzy Sequential Three-Way Decision Model in Incomplete Information Systems,"Jie Yang, Xiaoqi Wang, Guoyin Wang, Qinghua Zhang, Nenggan Zheng, Di Wu",2024,IEEE Transactions on Fuzzy Systems,"This study introduces a fuzziness-based three-way decision model under a shadowed sets framework, aimed at minimizing misclassification by optimizing threshold parameters. The model uses neighborhood rough sets and shadowed set frameworks to improve decision consistency.",Fuzziness-based neighborhood rough sets in shadowed sets framework.,Suitable for high-stakes environments requiring precise thresholds.,"Machine learning, decision analysis.",To enhance decision accuracy by optimizing threshold parameters.,"Decision consistency, misclassification minimization.",Applied in decision-making simulations.,Achieves lower misclassification rates with optimized thresholding.,Explore other granulation methods.,Requires expert-defined risk parameters.,"Neighborhood rough sets, shadowed sets, fuzziness, three-way decisions"
https://www.researchgate.net/publication/383587402_Target_Threat_Level_Classification_Based_on_Improved_Three-way_Decisions?_tp=eyJjb250ZXh0Ijp7ImZpcnN0UGFnZSI6Il9kaXJlY3QiLCJwYWdlIjoiX2RpcmVjdCJ9fQ,Target Threat Level Classification Based on Improved Three-way Decisions,"Zhihua Zhang, Lu Liu, Chunying Zhang, Jing Ren, Jiang Ma, Liya Wang, Bin Liu",2024,Electronics,This study presents a moving target evolutionary game defense model (MTTEGDM) for cyberspace security using three-way decisions. The model introduces dynamic weight adjustments and integrates attack intentions to enhance defense accuracy. Simulations demonstrate its efficacy in predicting optimal defense strategies.,Three-way evolutionary game model with dynamic weight adjustments.,"Suitable for dynamic, uncertain cyber environments.","Cyberspace security, network defense.",To improve adaptive defense strategy selection in network security.,Defense strategy optimization.,Simulations on network defense scenarios.,Enhances defense strategy prediction accuracy.,Extend to other cybersecurity applications.,Requires complex simulations.,"Moving target defense, evolutionary game, cyberspace security, three-way decisions"
https://www.researchgate.net/publication/373668614_GIFTWD_A_prospect_theory-based_generalized_intuitionistic_fuzzy_three-way_decision_model?_tp=eyJjb250ZXh0Ijp7ImZpcnN0UGFnZSI6Il9kaXJlY3QiLCJwYWdlIjoiX2RpcmVjdCJ9fQ,GIFTWD: A Prospect Theory-Based Generalized Intuitionistic Fuzzy Three-Way Decision Model,"Yusheng Li, Mengyi Sha",2024,Journal of Forecasting,This paper proposes a two-stage framework for credit risk prediction that leverages three-way decisions and particle swarm optimization to optimize threshold learning. The approach aims to enhance prediction by delaying decisions for records requiring more data.,Two-stage framework with three-way decisions and automatic threshold learning.,Effective for managing delayed decisions in financial risk predictions.,"Credit risk prediction, financial analytics.",To improve credit risk classification accuracy with three-way decisions.,"Prediction accuracy, decision cost reduction.",Financial dataset from a Chinese bank.,Reduced error in credit risk predictions with delayed decisions.,Broaden to other financial datasets.,Dataset-specific tuning required.,"Credit risk, three-way decisions, threshold learning, particle swarm optimization"
https://www.researchgate.net/publication/376999840_Hexagons_of_Opposition_in_Linguistic_Three-Way_Decisions?_tp=eyJjb250ZXh0Ijp7ImZpcnN0UGFnZSI6Il9kaXJlY3QiLCJwYWdlIjoiX2RpcmVjdCJ9fQ,Hexagons of Opposition in Linguistic Three-Way Decisions,"Hongwu Qin, Yanyan Han, Xiuqin Ma",2024,Symmetry,"This paper presents a multi-attribute decision approach under interval-valued fuzzy soft sets, leveraging ideal solutions within a three-way decision framework. Applications in emergency decision-making demonstrate improved classification of decision alternatives.",Interval-valued fuzzy soft sets in multi-attribute decision-making.,Effective in multi-criteria decision contexts with uncertain data.,"Emergency decision-making, decision support systems.",To enhance multi-criteria decision analysis under uncertain conditions.,Decision classification accuracy.,Case studies in emergency response.,Improves decision reliability in multi-criteria scenarios.,Extend to other fuzzy decision environments.,Limited generalizability across fuzzy environments.,"Interval-valued fuzzy sets, multi-attribute decision-making, three-way decisions, emergency decision"
https://www.researchgate.net/publication/384035697_Fuzzy_implications-based_transformation_approaches_from_semi-three-way_decision_spaces_to_three-way_decision_spaces_and_their_applications?_tp=eyJjb250ZXh0Ijp7ImZpcnN0UGFnZSI6Il9kaXJlY3QiLCJwYWdlIjoiX2RpcmVjdCJ9fQ,Fuzzy implications-based transformation approaches from semi-three-way decision spaces to three-way decision spaces and their applications,"Can Pan, Liangxiao Jiang, Chaoqun Li",2025,Pattern Recognition,"This paper introduces a three-way decision-based label integration (TDLI) model for crowdsourcing. The model groups instances based on label quality into three subsets for customized label integration, which enhances labeling accuracy.","Label integration with three-way decisions for high, medium, and low label quality instances.",Suitable for managing uncertain labels in crowdsourced data.,"Crowdsourcing, data labeling.",To improve label integration accuracy using three-way decision partitions.,"Label accuracy, classification performance.",Crowdsourced labeling dataset.,Increases label integration accuracy with custom strategies for varied label quality.,Explore other crowdsourcing scenarios.,High computational cost for large datasets.,"Crowdsourcing, three-way decisions, label integration, machine learning"
https://www.researchgate.net/publication/372209709_Three-Way_Decisions_with_Evaluative_Linguistic_Expressions?_tp=eyJjb250ZXh0Ijp7ImZpcnN0UGFnZSI6Il9kaXJlY3QiLCJwYWdlIjoiX2RpcmVjdCJ9fQ,Three-Way Decisions with Evaluative Linguistic Expressions,"Jianfeng Xu, Ruihua Wang, Yuanjian Zhang, Weiping Ding",2025,Information Sciences,"This paper develops an adaptive sequential three-way decision (AS3-DTW) model for dynamic time warping in time-series data, enhancing computational efficiency by adjusting search spaces based on three-way decisions.",Sequential three-way decisions with granularity adjustments for dynamic time warping.,Effective for high-dimensional time-series data.,"Time-series analysis, dynamic time warping.",To accelerate time warping computations while maintaining accuracy.,"Computational speed, accuracy trade-off.",Time-series datasets.,Balances computational efficiency and accuracy in time-series comparisons.,Apply to other time-series analysis models.,Requires specialized configurations.,"Dynamic time warping, three-way decisions, time-series analysis, computational efficiency"
https://www.researchgate.net/publication/376538661_Three-Way_Decision-Making_Based_on_Incomplete_Information_System_and_Its_Application?_tp=eyJjb250ZXh0Ijp7ImZpcnN0UGFnZSI6Il9kaXJlY3QiLCJwYWdlIjoiX2RpcmVjdCJ9fQ,Three-Way Decision-Making Based on Incomplete Information System and Its Application,"Benwei Chen, Xianyong Zhang, Zhiying Lv",2024,Information Sciences,"This study introduces S-type preference measures for interval-valued systems, enhancing three-way decision models. It proposes three-level dominance relations, which allow systematic three-way decision (3WD) models for sorting and classification. Simulations validate the S-type measure’s effectiveness.",S-type preference measure for interval-valued dominance relations.,"Suitable for uncertain, interval-valued datasets.","Interval-valued systems, preference-based decisions.",To improve classification accuracy in interval-valued systems.,Classification error rates.,Interval-valued datasets.,Enhanced decision performance over existing models.,Extend to real-time decision systems.,Requires interval assumptions.,"Interval-valued systems, three-way decisions, preference measures"
https://www.researchgate.net/publication/380564614_Fuzziness-based_three-way_decision_with_neighborhood_rough_sets_under_the_framework_of_shadowed_sets?_tp=eyJjb250ZXh0Ijp7ImZpcnN0UGFnZSI6Il9kaXJlY3QiLCJwYWdlIjoiX2RpcmVjdCJ9fQ,Fuzziness-Based Three-Way Decision With Neighborhood Rough Sets Under the Framework of Shadowed Sets,"Jiaxin Song, Haidong Zhang",2024,ICCBD 2024 Proceedings,"Integrating set pair analysis with regret theory, this paper proposes a three-way decision model under incomplete information scenarios. It introduces an entropy-based method for attribute weighting and utilizes regret theory to calculate relative utilities.",Set pair analysis combined with regret theory.,Effective for multi-attribute decision-making under incomplete data.,"Multi-attribute decision-making, regret theory.",To address incomplete information in decision-making.,"Decision accuracy, attribute weighting efficiency.",Simulated multi-attribute datasets.,Improved decision precision using set pair analysis.,Test on larger real-world datasets.,Limited applicability to multi-attribute environments.,"Set pair analysis, regret theory, three-way decisions"
https://www.researchgate.net/publication/263092405_Three-way_decisions_space_and_three-way_decisions?_tp=eyJjb250ZXh0Ijp7ImZpcnN0UGFnZSI6Il9kaXJlY3QiLCJwYWdlIjoiX2RpcmVjdCJ9fQ,Three-way decisions space and three-way decisions,"Xiaozhi Chen, Ligeng Zou",2022,Entropy,"This study introduces three-way decision models grounded in ideal relations to support multi-attribute decision-making. The models employ superiority and inferiority criteria, integrating decision-theoretic rough sets.",Ideal relations using decision-theoretic rough sets.,Suitable for decisions with ranked alternatives.,Multi-attribute decision-making.,To optimize ranking in multi-attribute decisions.,Ranking accuracy.,Case studies in decision-making.,Enhanced ranking for complex decisions.,Extend ideal relations to additional decision contexts.,Requires subjective criteria input.,"Multi-attribute decision-making, three-way decisions, ideal relations"
https://www.researchgate.net/publication/383878848_A_three-way_decision_method_based_on_COPRAS_in_the_weak_probabilistic_linguistic_term_set_information_systems?_tp=eyJjb250ZXh0Ijp7ImZpcnN0UGFnZSI6Il9kaXJlY3QiLCJwYWdlIjoiX2RpcmVjdCJ9fQ,A three-way decision method based on COPRAS in the weak probabilistic linguistic term set information systems,"Yong Liu, Xue-ge Guo, Qin Jiang, Jia-qi An",2023,Research Article on Grey Decision Analysis,"Proposes a dynamic three-way decision model using grey relational analysis, suitable for systems with changing decision objects. The model is tested with case studies on dynamic environments.",Grey relational analysis with dynamic update rules.,Suitable for dynamic environments with evolving data.,"Dynamic decision systems, grey analysis.",To adapt decision rules to evolving data.,Dynamic response effectiveness.,Dynamic case studies.,Effective decision-making in dynamic environments.,Adapt to more rapid changes.,Limited to grey relational data.,"Grey analysis, dynamic decisions, three-way decisions"
https://www.researchgate.net/publication/372161877_Two_new_kinds_of_protoconcepts_based_on_three-way_decisions_model?_tp=eyJjb250ZXh0Ijp7ImZpcnN0UGFnZSI6Il9kaXJlY3QiLCJwYWdlIjoiX2RpcmVjdCJ9fQ,Two new kinds of protoconcepts based on three-way decisions model,"Tengbiao Li, Junsheng Qiao",2025,Pattern Recognition,Introduces a MAGDM model for healthcare waste management using q-rung orthopair fuzzy sets within a three-way decision framework.,q-Rung orthopair fuzzy sets in multi-attribute decision-making.,Effective for uncertain healthcare management decisions.,Healthcare waste management.,To support healthcare waste treatment with improved decision models.,Decision consistency and reliability.,Healthcare datasets.,Provides stable and accurate decisions in healthcare contexts.,Broaden application to other healthcare areas.,Domain-specific model.,"q-Rung fuzzy sets, healthcare management, three-way decisions"
https://www.researchgate.net/publication/378066814_Two-stage_credit_risk_prediction_framework_based_on_three-way_decisions_with_automatic_threshold_learning?_tp=eyJjb250ZXh0Ijp7ImZpcnN0UGFnZSI6Il9kaXJlY3QiLCJwYWdlIjoiX2RpcmVjdCJ9fQ,Two‐stage credit risk prediction framework based on three‐way decisions with automatic threshold learning,"Benwei Chen, Xianyong Zhang, Zhiying Lv",2024,Information Sciences,"This study introduces S-type preference measures for interval-valued systems, enhancing three-way decision models. It proposes three-level dominance relations, which allow systematic three-way decision (3WD) models for sorting and classification. Simulations validate the S-type measure’s effectiveness.",S-type preference measure for interval-valued dominance relations.,"Suitable for uncertain, interval-valued datasets.","Interval-valued systems, preference-based decisions.",To improve classification accuracy in interval-valued systems.,Classification error rates.,Interval-valued datasets.,Enhanced decision performance over existing models.,Extend to real-time decision systems.,Requires interval assumptions.,"Interval-valued systems, three-way decisions, preference measures"
https://www.researchgate.net/publication/384759276_Multi-Attribute_Three-Way_Decision_Approach_Based_on_Ideal_Solutions_under_Interval-Valued_Fuzzy_Soft_Environment?_tp=eyJjb250ZXh0Ijp7ImZpcnN0UGFnZSI6Il9kaXJlY3QiLCJwYWdlIjoiX2RpcmVjdCJ9fQ,Multi-Attribute Three-Way Decision Approach Based on Ideal Solutions under Interval-Valued Fuzzy Soft Environment,"Jiaxin Song, Haidong Zhang",2024,ICCBD 2024 Proceedings,"Integrating set pair analysis with regret theory, this paper proposes a three-way decision model under incomplete information scenarios. It introduces an entropy-based method for attribute weighting and utilizes regret theory to calculate relative utilities.",Set pair analysis combined with regret theory.,Effective for multi-attribute decision-making under incomplete data.,"Multi-attribute decision-making, regret theory.",To address incomplete information in decision-making.,"Decision accuracy, attribute weighting efficiency.",Simulated multi-attribute datasets.,Improved decision precision using set pair analysis.,Test on larger real-world datasets.,Limited applicability to multi-attribute environments.,"Set pair analysis, regret theory, three-way decisions"
https://www.researchgate.net/publication/384281296_Three-way_decision-based_label_integration_for_crowdsourcing?_tp=eyJjb250ZXh0Ijp7ImZpcnN0UGFnZSI6Il9kaXJlY3QiLCJwYWdlIjoiX2RpcmVjdCJ9fQ,Three-way decision-based label integration for crowdsourcing,,,,,,,,,,,,,,
https://www.researchgate.net/publication/371978696_Multi-granularity_active_learning_based_on_the_three-way_decision?_tp=eyJjb250ZXh0Ijp7ImZpcnN0UGFnZSI6Il9kaXJlY3QiLCJwYWdlIjoiX2RpcmVjdCJ9fQ,Multi-granularity active learning based on the three-way decision,,,,,,,,,,,,,,
https://www.researchgate.net/publication/384826915_Adaptive_Sequential_Three-way_Decisions_for_Dynamic_Time_Warping?_tp=eyJjb250ZXh0Ijp7ImZpcnN0UGFnZSI6Il9kaXJlY3QiLCJwYWdlIjoiX2RpcmVjdCJ9fQ,Adaptive Sequential Three-way Decisions for Dynamic Time Warping,,,,,,,,,,,,,,
https://www.researchgate.net/publication/375887105_A_TOPSIS_method_based_on_sequential_three-way_decision?_tp=eyJjb250ZXh0Ijp7ImZpcnN0UGFnZSI6Il9kaXJlY3QiLCJwYWdlIjoiX2RpcmVjdCJ9fQ,A TOPSIS method based on sequential three-way decision,,,,,,,,,,,,,,
https://www.researchgate.net/publication/382922024_A_Novel_Sequential_Three-Way_Decision_With_Rough_Fuzzy_Sets_Based_on_Optimal_Granularity_Selection?_tp=eyJjb250ZXh0Ijp7ImZpcnN0UGFnZSI6Il9kaXJlY3QiLCJwYWdlIjoiX2RpcmVjdCJ9fQ,A Novel Sequential Three-Way Decision With Rough Fuzzy Sets Based on Optimal Granularity Selection,,,,,,,,,,,,,,
https://www.researchgate.net/publication/378170904_MTTEGDM_A_Moving_Target_Evolutionary_Game_Defense_Model_Based_on_Three-Way_Decisions?_tp=eyJjb250ZXh0Ijp7ImZpcnN0UGFnZSI6Il9kaXJlY3QiLCJwYWdlIjoiX2RpcmVjdCJ9fQ,MTTEGDM: A Moving Target Evolutionary Game Defense Model Based on Three-Way Decisions,,,,,,,,,,,,,,
https://www.researchgate.net/publication/377001557_Normal_Fuzzy_Three-Way_Decision_Based_on_Prospect_Theory?_tp=eyJjb250ZXh0Ijp7ImZpcnN0UGFnZSI6Il9kaXJlY3QiLCJwYWdlIjoiX2RpcmVjdCJ9fQ,Normal Fuzzy Three-Way Decision Based on Prospect Theory,,,,,,,,,,,,,,
https://www.researchgate.net/publication/384874275_A_Set_Pair_Analysis_and_Regret_Theory_Approach_for_Three-way_Decision?_tp=eyJjb250ZXh0Ijp7ImZpcnN0UGFnZSI6Il9kaXJlY3QiLCJwYWdlIjoiX2RpcmVjdCJ9fQ,A Set Pair Analysis and Regret Theory Approach for Three-way Decision,,,,,,,,,,,,,,
https://www.researchgate.net/publication/362075592_Three-Way_Decision_Models_Based_on_Ideal_Relations_in_Multi-Attribute_Decision-Making,Three-Way Decision Models Based on Ideal Relations in Multi-Attribute Decision-Making,,,,,,,,,,,,,,
https://www.researchgate.net/publication/366936389_Decision-making_method_based_on_set_pair_analysis_and_VIKOR_under_heterogeneous_information_environment_and_application_to_typhoon_disaster_assessment,Decision-making method based on set pair analysis and VIKOR under heterogeneous information environment and application to typhoon disaster assessment,,,,,,,,,,,,,,
https://www.researchgate.net/publication/370710195_Grey_three-way_decisions_approach_with_the_changing_of_the_decision_objects?_tp=eyJjb250ZXh0Ijp7ImZpcnN0UGFnZSI6Il9kaXJlY3QiLCJwYWdlIjoiX2RpcmVjdCJ9fQ,Grey three-way decisions approach with the changing of the decision objects,,,,,,,,,,,,,,
https://www.researchgate.net/publication/383123627_A_novel_q-rung_orthopair_fuzzy_MAGDM_method_for_healthcare_waste_treatment_based_on_three-way_decisions?_tp=eyJjb250ZXh0Ijp7ImZpcnN0UGFnZSI6Il9kaXJlY3QiLCJwYWdlIjoiX2RpcmVjdCJ9fQ,A novel q-rung orthopair fuzzy MAGDM method for healthcare waste treatment based on three-way decisions,,,,,,,,,,,,,,
https://www.researchgate.net/publication/315112260_Generalized_three-way_decisions_and_special_three-way_decisions?_tp=eyJjb250ZXh0Ijp7ImZpcnN0UGFnZSI6Il9kaXJlY3QiLCJwYWdlIjoiX2RpcmVjdCJ9fQ,Generalized three-way decisions and special three-way decisions,,,,,,,,,,,,,,
https://www.researchgate.net/publication/382545199_The_Visual_Analysis_of_Three-Way_Decision_Based_on_Decision-Theoretic_Rough_Set_A_Perspective_of_Fusing_Two-Way_Decision_Pair?_tp=eyJjb250ZXh0Ijp7ImZpcnN0UGFnZSI6Il9kaXJlY3QiLCJwYWdlIjoiX2RpcmVjdCJ9fQ,The Visual Analysis of Three-Way Decision Based on Decision-Theoretic Rough Set: A Perspective of Fusing Two-Way Decision Pair,,,,,,,,,,,,,,
https://www.researchgate.net/publication/381770578_Sequential_three-way_group_decision-making_for_double_hierarchy_hesitant_fuzzy_linguistic_term_set?_tp=eyJjb250ZXh0Ijp7ImZpcnN0UGFnZSI6Il9kaXJlY3QiLCJwYWdlIjoiX2RpcmVjdCJ9fQ,Sequential three-way group decision-making for double hierarchy hesitant fuzzy linguistic term set,,,,,,,,,,,,,,
https://www.researchgate.net/publication/378338413_Multi-scale_decision_systems_with_test_cost_and_applications_to_three-way_multi-attribute_decision-making?_tp=eyJjb250ZXh0Ijp7ImZpcnN0UGFnZSI6Il9kaXJlY3QiLCJwYWdlIjoiX2RpcmVjdCJ9fQ,Multi-scale decision systems with test cost and applications to three-way multi-attribute decision-making,,,,,,,,,,,,,,
https://www.researchgate.net/publication/360628393_Superiority_of_three-way_decisions_from_the_perspective_of_probability?_tp=eyJjb250ZXh0Ijp7ImZpcnN0UGFnZSI6Il9kaXJlY3QiLCJwYWdlIjoiX2RpcmVjdCJ9fQ,Superiority of three-way decisions from the perspective of probability,,,,,,,,,,,,,,
https://www.researchgate.net/publication/312425293_On_two_novel_types_of_three-way_decisions_in_three-way_decision_spaces?_tp=eyJjb250ZXh0Ijp7ImZpcnN0UGFnZSI6Il9kaXJlY3QiLCJwYWdlIjoiX2RpcmVjdCJ9fQ,On two novel types of three-way decisions in three-way decision spaces,,,,,,,,,,,,,,
https://www.researchgate.net/publication/382826657_Three-way_decision_in_machine_learning_tasks_a_systematic_review?_tp=eyJjb250ZXh0Ijp7ImZpcnN0UGFnZSI6Il9kaXJlY3QiLCJwYWdlIjoiX2RpcmVjdCJ9fQ,Three-way decision in machine learning tasks: a systematic review,,,,,,,,,,,,,,
https://www.sciencedirect.com/science/article/pii/S0888613X24001555?via%3Dihub,"A review of three-way decision: Triadic understanding, organization, and perspectives - ScienceDirect",,,,,,,,,,,,,,
https://www.sciencedirect.com/science/article/pii/S0020025524010223?via%3Dihub,Three-way decision based on three-way preference measures and three-level dominance relations in interval-valued systems - ScienceDirect,,,,,,,,,,,,,,
https://www.researchgate.net/publication/365312257_Hierarchical_Multi-granulation_Sequential_Three-Way_Decisions?_tp=eyJjb250ZXh0Ijp7ImZpcnN0UGFnZSI6Il9kaXJlY3QiLCJwYWdlIjoiX2RpcmVjdCJ9fQ,Hierarchical Multi-granulation Sequential Three-Way Decisions,,,,,,,,,,,,,,
https://www.researchgate.net/publication/370999987_Bilateral_fuzzy_sets_and_their_three-way_decisions_a_new_perspective_of_fuzzy_logic?_tp=eyJjb250ZXh0Ijp7ImZpcnN0UGFnZSI6Il9kaXJlY3QiLCJwYWdlIjoiX2RpcmVjdCJ9fQ,Bilateral fuzzy sets and their three-way decisions: a new perspective of fuzzy logic,,,,,,,,,,,,,,
https://www.researchgate.net/publication/375414459_Probability_rough_set_and_portfolio_optimization_integrated_three-way_predication_decisions_approach_to_stock_price?_tp=eyJjb250ZXh0Ijp7ImZpcnN0UGFnZSI6Il9kaXJlY3QiLCJwYWdlIjoiX2RpcmVjdCJ9fQ,Probability rough set and portfolio optimization integrated three-way predication decisions approach to stock price,,,,,,,,,,,,,,
https://www.sciencedirect.com/science/article/pii/S0020025523014974?via%3Dihub,Three-way decisions based on bipolar-valued fuzzy sets over three-way decision spaces - ScienceDirect,,,,,,,,,,,,,,
https://www.researchgate.net/publication/376999258_Granular-Ball_Three-Way_Decision?_tp=eyJjb250ZXh0Ijp7ImZpcnN0UGFnZSI6Il9kaXJlY3QiLCJwYWdlIjoiX2RpcmVjdCJ9fQ,Granular-Ball Three-Way Decision,,,,,,,,,,,,,,
https://www.researchgate.net/publication/379290128_A_granularity_time_series_forecasting_model_combining_three-way_decision_and_trend_information_granularity?_tp=eyJjb250ZXh0Ijp7ImZpcnN0UGFnZSI6Il9kaXJlY3QiLCJwYWdlIjoiX2RpcmVjdCJ9fQ,A granularity time series forecasting model combining three-way decision and trend information granularity,,,,,,,,,,,,,,
https://www.researchgate.net/publication/370640979_Improved_spectral_clustering_using_three-way_decisions?_tp=eyJjb250ZXh0Ijp7ImZpcnN0UGFnZSI6Il9kaXJlY3QiLCJwYWdlIjoiX2RpcmVjdCJ9fQ,Improved spectral clustering using three-way decisions,,,,,,,,,,,,,,
https://www.researchgate.net/publication/383762258_Models_and_Algorithms_for_Optimizing_Thresholds_in_Fuzzy_Representation-Based_Three-Way_Decision?_tp=eyJjb250ZXh0Ijp7ImZpcnN0UGFnZSI6Il9kaXJlY3QiLCJwYWdlIjoiX2RpcmVjdCJ9fQ,Models and Algorithms for Optimizing Thresholds in Fuzzy Representation-Based Three-Way Decision,,,,,,,,,,,,,,
https://www.sciencedirect.com/science/article/pii/S1568494624005246?via%3Dihub,Continual three-way decisions via knowledge transfer - ScienceDirect,,,,,,,,,,,,,,
https://www.researchgate.net/publication/377705424_A_Sequential_Three-Way_Decision-Based_Group_Consensus_Method_With_Regret_Theory_Under_Interval_Multi-Scale_Decision_Information_Systems?_tp=eyJjb250ZXh0Ijp7ImZpcnN0UGFnZSI6Il9kaXJlY3QiLCJwYWdlIjoiX2RpcmVjdCJ9fQ,A Sequential Three-Way Decision-Based Group Consensus Method With Regret Theory Under Interval Multi-Scale Decision Information Systems,,,,,,,,,,,,,,
https://link.springer.com/chapter/10.1007/978-3-031-65668-2_3,Three-Way Decision of Granular-Ball Rough Sets Based on Fuzziness | SpringerLink,,,,,,,,,,,,,,
https://www.researchgate.net/publication/381342642_Considering_personalized_individual_semantics_with_ordinal_and_cardinal_consensus_reaching_processes_via_three-way_decision_and_regret_theory?_tp=eyJjb250ZXh0Ijp7ImZpcnN0UGFnZSI6Il9kaXJlY3QiLCJwYWdlIjoiX2RpcmVjdCJ9fQ,Considering personalized individual semantics with ordinal and cardinal consensus reaching processes via three-way decision and regret theory,,,,,,,,,,,,,,
https://www.researchgate.net/publication/376103945_Intuitionistic_Fuzzy_Three-Way_Decision?_tp=eyJjb250ZXh0Ijp7ImZpcnN0UGFnZSI6Il9kaXJlY3QiLCJwYWdlIjoiX2RpcmVjdCJ9fQ,Intuitionistic Fuzzy Three-Way Decision,,,,,,,,,,,,,,
https://www.researchgate.net/publication/382284978_Research_on_a_Three-Way_Decision-Making_Approach_Based_on_Non-Additive_Measurement_and_Prospect_Theory_and_Its_Application_in_Aviation_Equipment_Risk_Analysis?_tp=eyJjb250ZXh0Ijp7ImZpcnN0UGFnZSI6Il9kaXJlY3QiLCJwYWdlIjoiX2RpcmVjdCJ9fQ,"Research on a Three-Way Decision-Making Approach, Based on Non-Additive Measurement and Prospect Theory, and Its Application in Aviation Equipment Risk Analysis",,,,,,,,,,,,,,
https://www.researchgate.net/publication/365518267_A_method_for_incremental_updating_three-way_decision_with_incomplete_information_system?_tp=eyJjb250ZXh0Ijp7ImZpcnN0UGFnZSI6Il9kaXJlY3QiLCJwYWdlIjoiX2RpcmVjdCJ9fQ,A method for incremental updating three-way decision with incomplete information system,,,,,,,,,,,,,,
https://www.researchgate.net/publication/375633738_Efficient_Mobile_Robot_Navigation_Based_on_Federated_Learning_and_Three-Way_Decisions?_tp=eyJjb250ZXh0Ijp7ImZpcnN0UGFnZSI6Il9kaXJlY3QiLCJwYWdlIjoiX2RpcmVjdCJ9fQ,Efficient Mobile Robot Navigation Based on Federated Learning and Three-Way Decisions,,,,,,,,,,,,,,
https://www.researchgate.net/publication/365644547_Multi-granularity_stock_prediction_with_sequential_three-way_decisions?_tp=eyJjb250ZXh0Ijp7ImZpcnN0UGFnZSI6Il9kaXJlY3QiLCJwYWdlIjoiX2RpcmVjdCJ9fQ,Multi-granularity stock prediction with sequential three-way decisions,,,,,,,,,,,,,,
https://www.researchgate.net/publication/382943195_Intuitionistic_fuzzy_three-way_decision_method_based_on_data_envelopment_analysis?_tp=eyJjb250ZXh0Ijp7ImZpcnN0UGFnZSI6Il9kaXJlY3QiLCJwYWdlIjoiX2RpcmVjdCJ9fQ,Intuitionistic fuzzy three-way decision method based on data envelopment analysis,,,,,,,,,,,,,,
https://www.researchgate.net/publication/376020554_Novel_transformation_methods_from_semi-three-way_decision_spaces_to_three-way_decision_spaces_and_their_applications?_tp=eyJjb250ZXh0Ijp7ImZpcnN0UGFnZSI6Il9kaXJlY3QiLCJwYWdlIjoiX2RpcmVjdCJ9fQ,Novel transformation methods from semi-three-way decision spaces to three-way decision spaces and their applications,,,,,,,,,,,,,,
https://www.sciencedirect.com/science/article/pii/S0020025523015475?via%3Dihub,Novel transformation methods from semi-three-way decision spaces to three-way decision spaces and their applications - ScienceDirect,,,,,,,,,,,,,,
https://www.researchgate.net/publication/364442138_Generalized_multigranulation_sequential_three-way_decision_models_for_hierarchical_classification?_tp=eyJjb250ZXh0Ijp7ImZpcnN0UGFnZSI6Il9kaXJlY3QiLCJwYWdlIjoiX2RpcmVjdCJ9fQ,Generalized multigranulation sequential three-way decision models for hierarchical classification,,,,,,,,,,,,,,
https://dl.acm.org/doi/10.1145/3677182.3677246,"Reducing uncertainty of base clusters components in clustering ensemble with three-way decisions | Proceedings of the International Conference on Algorithms, Software Engineering, and Network Security",,,,,,,,,,,,,,
https://www.researchgate.net/publication/382826807_Influences_of_social_networks_demographics_and_evacuation_duration_on_evacuation_decisions_Insights_from_Ohio_and_Pennsylvania?_tp=eyJjb250ZXh0Ijp7ImZpcnN0UGFnZSI6Il9kaXJlY3QiLCJwYWdlIjoiX2RpcmVjdCJ9fQ,"Influences of social networks, demographics, and evacuation duration on evacuation decisions: Insights from Ohio and Pennsylvania",,,,,,,,,,,,,,
https://www.researchgate.net/publication/383316471_What_predicts_hurricane_evacuation_decisions_The_importance_of_efficacy_beliefs_risk_perceptions_and_other_factors,"What predicts hurricane evacuation decisions? The importance of efficacy beliefs, risk perceptions, and other factors",,,,,,,,,,,,,,
https://www.researchgate.net/publication/378751885_Predicting_Hurricane_Evacuation_Decisions_with_Interpretable_Machine_Learning_Methods?_tp=eyJjb250ZXh0Ijp7ImZpcnN0UGFnZSI6Il9kaXJlY3QiLCJwYWdlIjoiX2RpcmVjdCJ9fQ,Predicting Hurricane Evacuation Decisions with Interpretable Machine Learning Methods,,,,,,,,,,,,,,
https://www.researchgate.net/publication/357141633_Predictors_of_hurricane_evacuation_decisions_A_meta-analysis?_tp=eyJjb250ZXh0Ijp7ImZpcnN0UGFnZSI6Il9kaXJlY3QiLCJwYWdlIjoiX2RpcmVjdCJ9fQ,Predictors of hurricane evacuation decisions: A meta-analysis,,,,,,,,,,,,,,
https://www.researchgate.net/publication/376955739_Analyzing_Risk_Perception_Evacuation_Decision_and_Delay_Time_A_Case_Study_of_the_2021_Marshall_Fire_in_Colorado?_tp=eyJjb250ZXh0Ijp7ImZpcnN0UGFnZSI6Il9kaXJlY3QiLCJwYWdlIjoiX2RpcmVjdCJ9fQ,"Analyzing Risk Perception, Evacuation Decision and Delay Time: A Case Study of the 2021 Marshall Fire in Colorado",,,,,,,,,,,,,,
https://www.researchgate.net/publication/376351139_Understanding_the_Decision-Making_Process_for_Hurricane_Evacuation_Orders_A_Case_Study_of_Florida_County_Emergency_Managers?_tp=eyJjb250ZXh0Ijp7ImZpcnN0UGFnZSI6Il9kaXJlY3QiLCJwYWdlIjoiX2RpcmVjdCJ9fQ,Understanding the Decision-Making Process for Hurricane Evacuation Orders: A Case Study of Florida County Emergency Managers,,,,,,,,,,,,,,
https://www.researchgate.net/publication/364620508_Why_They_Escape_Mining_Prioritized_Fuzzy_Decision_Rule_in_Crowd_Evacuation?_tp=eyJjb250ZXh0Ijp7ImZpcnN0UGFnZSI6Il9kaXJlY3QiLCJwYWdlIjoiX2RpcmVjdCJ9fQ,Why They Escape: Mining Prioritized Fuzzy Decision Rule in Crowd Evacuation,,,,,,,,,,,,,,
https://www.researchgate.net/publication/371534762_Evacuation_decision_making_and_risk_perception_flooded_rural_communities_in_Pakistan?_tp=eyJjb250ZXh0Ijp7ImZpcnN0UGFnZSI6Il9kaXJlY3QiLCJwYWdlIjoiX2RpcmVjdCJ9fQ,Evacuation decision making and risk perception: flooded rural communities in Pakistan,,,,,,,,,,,,,,
https://www.researchgate.net/publication/371022460_A_Model_for_Making_Dynamic_Collective_Decisions_in_Emergency_Evacuation_Tasks_in_Fuzzy_Conditions?_tp=eyJjb250ZXh0Ijp7ImZpcnN0UGFnZSI6Il9kaXJlY3QiLCJwYWdlIjoiX2RpcmVjdCJ9fQ,A Model for Making Dynamic Collective Decisions in Emergency Evacuation Tasks in Fuzzy Conditions,,,,,,,,,,,,,,
https://www.researchgate.net/publication/355190620_Modeling_Evacuation_Decisions_in_the_2019_Kincade_fire_in_California?_tp=eyJjb250ZXh0Ijp7ImZpcnN0UGFnZSI6Il9kaXJlY3QiLCJwYWdlIjoiX2RpcmVjdCJ9fQ,Modeling Evacuation Decisions in the 2019 Kincade fire in California,,,,,,,,,,,,,,
https://www.researchgate.net/publication/371734665_Evacuation_Decisions_during_the_Great_East_Japan_Earthquake?_tp=eyJjb250ZXh0Ijp7ImZpcnN0UGFnZSI6Il9kaXJlY3QiLCJwYWdlIjoiX2RpcmVjdCJ9fQ,Evacuation Decisions during the Great East Japan Earthquake,,,,,,,,,,,,,,
